id,season,city,date,team1,team2,toss_winner,toss_decision,result,dl_applied,winner,win_by_runs,win_by_wickets,player_of_match,venue,umpire1,umpire2,umpire3
500,2014,Hyderabad,2014-05-18,Sunrisers Hyderabad,Kolkata Knight Riders,Sunrisers Hyderabad,bat,normal,0,Kolkata Knight Riders,0,7,UT Yadav,"Rajiv Gandhi International Stadium, Uppal",NJ Llong,CK Nandan,
501,2014,Ahmedabad,2014-05-19,Mumbai Indians,Rajasthan Royals,Mumbai Indians,bat,normal,0,Mumbai Indians,25,0,MEK Hussey,"Sardar Patel Stadium, Motera",S Ravi,RJ Tucker,
502,2014,Delhi,2014-05-19,Delhi Daredevils,Kings XI Punjab,Kings XI Punjab,field,normal,0,Kings XI Punjab,0,4,AR Patel,Feroz Shah Kotla,HDPK Dharmasena,PG Pathak,
503,2014,Hyderabad,2014-05-20,Royal Challengers Bangalore,Sunrisers Hyderabad,Royal Challengers Bangalore,bat,normal,0,Sunrisers Hyderabad,0,7,DA Warner,"Rajiv Gandhi International Stadium, Uppal",AK Chaudhary,NJ Llong,
504,2014,Kolkata,2014-05-20,Chennai Super Kings,Kolkata Knight Riders,Kolkata Knight Riders,field,normal,0,Kolkata Knight Riders,0,8,RV Uthappa,Eden Gardens,RM Deshpande,C Shamshuddin,
505,2014,Chandigarh,2014-05-21,Kings XI Punjab,Mumbai Indians,Mumbai Indians,field,normal,0,Mumbai Indians,0,7,LMP Simmons,"Punjab Cricket Association Stadium, Mohali",HDPK Dharmasena,VA Kulkarni,
506,2014,Kolkata,2014-05-22,Kolkata Knight Riders,Royal Challengers Bangalore,Royal Challengers Bangalore,field,normal,0,Kolkata Knight Riders,30,0,RV Uthappa,Eden Gardens,AK Chaudhary,CK Nandan,
507,2014,Ranchi,2014-05-22,Chennai Super Kings,Sunrisers Hyderabad,Sunrisers Hyderabad,field,normal,0,Sunrisers Hyderabad,0,6,DA Warner,JSCA International Stadium Complex,BNJ Oxenford,C Shamshuddin,
508,2014,Mumbai,2014-05-23,Mumbai Indians,Delhi Daredevils,Delhi Daredevils,field,normal,0,Mumbai Indians,15,0,MEK Hussey,Wankhede Stadium,S Ravi,RJ Tucker,
509,2014,Chandigarh,2014-05-23,Kings XI Punjab,Rajasthan Royals,Rajasthan Royals,field,normal,0,Kings XI Punjab,16,0,SE Marsh,"Punjab Cricket Association Stadium, Mohali",HDPK Dharmasena,PG Pathak,
510,2014,Bangalore,2014-05-24,Royal Challengers Bangalore,Chennai Super Kings,Chennai Super Kings,field,normal,0,Chennai Super Kings,0,8,MS Dhoni,M Chinnaswamy Stadium,AK Chaudhary,NJ Llong,
511,2014,Kolkata,2014-05-24,Sunrisers Hyderabad,Kolkata Knight Riders,Kolkata Knight Riders,field,normal,0,Kolkata Knight Riders,0,4,YK Pathan,Eden Gardens,RM Deshpande,BNJ Oxenford,
512,2014,Chandigarh,2014-05-25,Delhi Daredevils,Kings XI Punjab,Kings XI Punjab,field,normal,0,Kings XI Punjab,0,7,M Vohra,"Punjab Cricket Association Stadium, Mohali",HDPK Dharmasena,VA Kulkarni,
513,2014,Mumbai,2014-05-25,Rajasthan Royals,Mumbai Indians,Mumbai Indians,field,normal,0,Mumbai Indians,0,5,CJ Anderson,Wankhede Stadium,K Srinath,RJ Tucker,
514,2014,Kolkata,2014-05-27,Kolkata Knight Riders,Kings XI Punjab,Kings XI Punjab,field,normal,0,Kolkata Knight Riders,28,0,UT Yadav,Eden Gardens,NJ Llong,S Ravi,
515,2014,Mumbai,2014-05-28,Mumbai Indians,Chennai Super Kings,Chennai Super Kings,field,normal,0,Chennai Super Kings,0,7,SK Raina,Brabourne Stadium,VA Kulkarni,BNJ Oxenford,
516,2014,Mumbai,2014-05-30,Kings XI Punjab,Chennai Super Kings,Chennai Super Kings,field,normal,0,Kings XI Punjab,24,0,V Sehwag,Wankhede Stadium,HDPK Dharmasena,RJ Tucker,
517,2014,Bangalore,2014-06-01,Kings XI Punjab,Kolkata Knight Riders,Kolkata Knight Riders,field,normal,0,Kolkata Knight Riders,0,3,MK Pandey,M Chinnaswamy Stadium,HDPK Dharmasena,BNJ Oxenford,
518,2015,Kolkata,2015-04-08,Mumbai Indians,Kolkata Knight Riders,Kolkata Knight Riders,field,normal,0,Kolkata Knight Riders,0,7,M Morkel,Eden Gardens,S Ravi,C Shamshuddin,
519,2015,Chennai,2015-04-09,Chennai Super Kings,Delhi Daredevils,Delhi Daredevils,field,normal,0,Chennai Super Kings,1,0,A Nehra,"MA Chidambaram Stadium, Chepauk",RK Illingworth,VA Kulkarni,
520,2015,Pune,2015-04-10,Rajasthan Royals,Kings XI Punjab,Kings XI Punjab,field,normal,0,Rajasthan Royals,26,0,JP Faulkner,Maharashtra Cricket Association Stadium,SD Fry,CB Gaffaney,
521,2015,Chennai,2015-04-11,Chennai Super Kings,Sunrisers Hyderabad,Chennai Super Kings,bat,normal,0,Chennai Super Kings,45,0,BB McCullum,"MA Chidambaram Stadium, Chepauk",RK Illingworth,VA Kulkarni,
522,2015,Kolkata,2015-04-11,Kolkata Knight Riders,Royal Challengers Bangalore,Royal Challengers Bangalore,field,normal,0,Royal Challengers Bangalore,0,3,CH Gayle,Eden Gardens,S Ravi,C Shamshuddin,
523,2015,Delhi,2015-04-12,Delhi Daredevils,Rajasthan Royals,Rajasthan Royals,field,normal,0,Rajasthan Royals,0,3,DJ Hooda,Feroz Shah Kotla,SD Fry,CB Gaffaney,
524,2015,Mumbai,2015-04-12,Kings XI Punjab,Mumbai Indians,Mumbai Indians,field,normal,0,Kings XI Punjab,18,0,GJ Bailey,Wankhede Stadium,AK Chaudhary,K Srinivasan,
525,2015,Bangalore,2015-04-13,Royal Challengers Bangalore,Sunrisers Hyderabad,Sunrisers Hyderabad,field,normal,0,Sunrisers Hyderabad,0,8,DA Warner,M Chinnaswamy Stadium,RM Deshpande,RK Illingworth,
526,2015,Ahmedabad,2015-04-14,Mumbai Indians,Rajasthan Royals,Mumbai Indians,bat,normal,0,Rajasthan Royals,0,7,SPD Smith,"Sardar Patel Stadium, Motera",AK Chaudhary,SD Fry,
527,2015,Kolkata,2015-04-30,Chennai Super Kings,Kolkata Knight Riders,Kolkata Knight Riders,field,normal,0,Kolkata Knight Riders,0,7,AD Russell,Eden Gardens,AK Chaudhary,M Erasmus,
528,2015,Pune,2015-04-15,Kings XI Punjab,Delhi Daredevils,Kings XI Punjab,bat,normal,0,Delhi Daredevils,0,5,MA Agarwal,Maharashtra Cricket Association Stadium,CB Gaffaney,K Srinath,
529,2015,Visakhapatnam,2015-04-16,Sunrisers Hyderabad,Rajasthan Royals,Rajasthan Royals,field,normal,0,Rajasthan Royals,0,6,AM Rahane,Dr. Y.S. Rajasekhara Reddy ACA-VDCA Cricket Stadium,PG Pathak,S Ravi,
530,2015,Mumbai,2015-04-17,Mumbai Indians,Chennai Super Kings,Mumbai Indians,bat,normal,0,Chennai Super Kings,0,6,A Nehra,Wankhede Stadium,AK Chaudhary,M Erasmus,
531,2015,Visakhapatnam,2015-04-18,Delhi Daredevils,Sunrisers Hyderabad,Delhi Daredevils,bat,normal,0,Delhi Daredevils,4,0,JP Duminy,Dr. Y.S. Rajasekhara Reddy ACA-VDCA Cricket Stadium,PG Pathak,S Ravi,
532,2015,Pune,2015-04-18,Kings XI Punjab,Kolkata Knight Riders,Kolkata Knight Riders,field,normal,0,Kolkata Knight Riders,0,4,AD Russell,Maharashtra Cricket Association Stadium,SD Fry,CK Nandan,
533,2015,Ahmedabad,2015-04-19,Chennai Super Kings,Rajasthan Royals,Chennai Super Kings,bat,normal,0,Rajasthan Royals,0,8,AM Rahane,"Sardar Patel Stadium, Motera",AK Chaudhary,M Erasmus,
534,2015,Bangalore,2015-04-19,Mumbai Indians,Royal Challengers Bangalore,Royal Challengers Bangalore,field,normal,0,Mumbai Indians,18,0,Harbhajan Singh,M Chinnaswamy Stadium,RK Illingworth,VA Kulkarni,
535,2015,Delhi,2015-04-20,Delhi Daredevils,Kolkata Knight Riders,Kolkata Knight Riders,field,normal,0,Kolkata Knight Riders,0,6,UT Yadav,Feroz Shah Kotla,SD Fry,CB Gaffaney,
536,2015,Ahmedabad,2015-04-21,Rajasthan Royals,Kings XI Punjab,Kings XI Punjab,field,tie,0,Kings XI Punjab,0,0,SE Marsh,"Sardar Patel Stadium, Motera",M Erasmus,S Ravi,
537,2015,Visakhapatnam,2015-04-22,Sunrisers Hyderabad,Kolkata Knight Riders,Kolkata Knight Riders,field,normal,1,Sunrisers Hyderabad,16,0,DA Warner,Dr. Y.S. Rajasekhara Reddy ACA-VDCA Cricket Stadium,RK Illingworth,VA Kulkarni,
538,2015,Bangalore,2015-04-22,Chennai Super Kings,Royal Challengers Bangalore,Royal Challengers Bangalore,field,normal,0,Chennai Super Kings,27,0,SK Raina,M Chinnaswamy Stadium,JD Cloete,C Shamshuddin,
539,2015,Delhi,2015-04-23,Delhi Daredevils,Mumbai Indians,Mumbai Indians,field,normal,0,Delhi Daredevils,37,0,SS Iyer,Feroz Shah Kotla,SD Fry,CK Nandan,
540,2015,Ahmedabad,2015-04-24,Rajasthan Royals,Royal Challengers Bangalore,Royal Challengers Bangalore,field,normal,0,Royal Challengers Bangalore,0,9,MA Starc,"Sardar Patel Stadium, Motera",M Erasmus,S Ravi,
541,2015,Mumbai,2015-04-25,Mumbai Indians,Sunrisers Hyderabad,Mumbai Indians,bat,normal,0,Mumbai Indians,20,0,SL Malinga,Wankhede Stadium,HDPK Dharmasena,CB Gaffaney,
542,2015,Chennai,2015-04-25,Chennai Super Kings,Kings XI Punjab,Chennai Super Kings,bat,normal,0,Chennai Super Kings,97,0,BB McCullum,"MA Chidambaram Stadium, Chepauk",JD Cloete,C Shamshuddin,
543,2015,Delhi,2015-04-26,Delhi Daredevils,Royal Challengers Bangalore,Royal Challengers Bangalore,field,normal,0,Royal Challengers Bangalore,0,10,VR Aaron,Feroz Shah Kotla,M Erasmus,S Ravi,
544,2015,Chandigarh,2015-04-27,Sunrisers Hyderabad,Kings XI Punjab,Kings XI Punjab,field,normal,0,Sunrisers Hyderabad,20,0,TA Boult,"Punjab Cricket Association Stadium, Mohali",HDPK Dharmasena,CB Gaffaney,
545,2015,Kolkata,2015-05-07,Kolkata Knight Riders,Delhi Daredevils,Kolkata Knight Riders,bat,normal,0,Kolkata Knight Riders,13,0,PP Chawla,Eden Gardens,AK Chaudhary,M Erasmus,
546,2015,Bangalore,2015-04-29,Royal Challengers Bangalore,Rajasthan Royals,Rajasthan Royals,field,no result,0,,0,0,,M Chinnaswamy Stadium,JD Cloete,PG Pathak,
547,2015,Chennai,2015-04-28,Chennai Super Kings,Kolkata Knight Riders,Kolkata Knight Riders,field,normal,0,Chennai Super Kings,2,0,DJ Bravo,"MA Chidambaram Stadium, Chepauk",RM Deshpande,VA Kulkarni,
548,2015,Delhi,2015-05-01,Kings XI Punjab,Delhi Daredevils,Delhi Daredevils,field,normal,0,Delhi Daredevils,0,9,NM Coulter-Nile,Feroz Shah Kotla,RK Illingworth,S Ravi,
549,2015,Mumbai,2015-05-01,Mumbai Indians,Rajasthan Royals,Rajasthan Royals,field,normal,0,Mumbai Indians,8,0,AT Rayudu,Wankhede Stadium,HDPK Dharmasena,CK Nandan,
550,2015,Bangalore,2015-05-02,Kolkata Knight Riders,Royal Challengers Bangalore,Royal Challengers Bangalore,field,normal,0,Royal Challengers Bangalore,0,7,Mandeep Singh,M Chinnaswamy Stadium,JD Cloete,PG Pathak,
551,2015,Hyderabad,2015-05-02,Sunrisers Hyderabad,Chennai Super Kings,Chennai Super Kings,field,normal,0,Sunrisers Hyderabad,22,0,DA Warner,"Rajiv Gandhi International Stadium, Uppal",AK Chaudhary,K Srinivasan,
552,2015,Chandigarh,2015-05-03,Mumbai Indians,Kings XI Punjab,Mumbai Indians,bat,normal,0,Mumbai Indians,23,0,LMP Simmons,"Punjab Cricket Association Stadium, Mohali",RK Illingworth,VA Kulkarni,
553,2015,Mumbai,2015-05-03,Rajasthan Royals,Delhi Daredevils,Delhi Daredevils,field,normal,0,Rajasthan Royals,14,0,AM Rahane,Brabourne Stadium,HDPK Dharmasena,CB Gaffaney,
554,2015,Chennai,2015-05-04,Chennai Super Kings,Royal Challengers Bangalore,Chennai Super Kings,bat,normal,0,Chennai Super Kings,24,0,SK Raina,"MA Chidambaram Stadium, Chepauk",C Shamshuddin,K Srinath,
555,2015,Kolkata,2015-05-04,Kolkata Knight Riders,Sunrisers Hyderabad,Sunrisers Hyderabad,field,normal,0,Kolkata Knight Riders,35,0,UT Yadav,Eden Gardens,AK Chaudhary,M Erasmus,
556,2015,Mumbai,2015-05-05,Delhi Daredevils,Mumbai Indians,Delhi Daredevils,bat,normal,0,Mumbai Indians,0,5,Harbhajan Singh,Wankhede Stadium,HDPK Dharmasena,CB Gaffaney,
557,2015,Bangalore,2015-05-06,Royal Challengers Bangalore,Kings XI Punjab,Kings XI Punjab,field,normal,0,Royal Challengers Bangalore,138,0,CH Gayle,M Chinnaswamy Stadium,RK Illingworth,VA Kulkarni,
558,2015,Mumbai,2015-05-07,Sunrisers Hyderabad,Rajasthan Royals,Rajasthan Royals,field,normal,0,Sunrisers Hyderabad,7,0,EJG Morgan,Brabourne Stadium,JD Cloete,C Shamshuddin,
559,2015,Chennai,2015-05-08,Chennai Super Kings,Mumbai Indians,Chennai Super Kings,bat,normal,0,Mumbai Indians,0,6,HH Pandya,"MA Chidambaram Stadium, Chepauk",CB Gaffaney,CK Nandan,
560,2015,Kolkata,2015-05-09,Kings XI Punjab,Kolkata Knight Riders,Kings XI Punjab,bat,normal,0,Kolkata Knight Riders,0,1,AD Russell,Eden Gardens,AK Chaudhary,HDPK Dharmasena,
561,2015,Raipur,2015-05-09,Sunrisers Hyderabad,Delhi Daredevils,Sunrisers Hyderabad,bat,normal,0,Sunrisers Hyderabad,6,0,MC Henriques,Shaheed Veer Narayan Singh International Stadium,VA Kulkarni,S Ravi,
562,2015,Mumbai,2015-05-10,Royal Challengers Bangalore,Mumbai Indians,Royal Challengers Bangalore,bat,normal,0,Royal Challengers Bangalore,39,0,AB de Villiers,Wankhede Stadium,JD Cloete,C Shamshuddin,
563,2015,Chennai,2015-05-10,Chennai Super Kings,Rajasthan Royals,Chennai Super Kings,bat,normal,0,Chennai Super Kings,12,0,RA Jadeja,"MA Chidambaram Stadium, Chepauk",M Erasmus,CK Nandan,
564,2015,Hyderabad,2015-05-11,Sunrisers Hyderabad,Kings XI Punjab,Sunrisers Hyderabad,bat,normal,0,Sunrisers Hyderabad,5,0,DA Warner,"Rajiv Gandhi International Stadium, Uppal",AK Chaudhary,HDPK Dharmasena,
565,2015,Raipur,2015-05-12,Chennai Super Kings,Delhi Daredevils,Chennai Super Kings,bat,normal,0,Delhi Daredevils,0,6,Z Khan,Shaheed Veer Narayan Singh International Stadium,RK Illingworth,VA Kulkarni,
566,2015,Chandigarh,2015-05-13,Kings XI Punjab,Royal Challengers Bangalore,Royal Challengers Bangalore,field,normal,0,Kings XI Punjab,22,0,AR Patel,"Punjab Cricket Association Stadium, Mohali",JD Cloete,C Shamshuddin,
567,2015,Mumbai,2015-05-14,Mumbai Indians,Kolkata Knight Riders,Kolkata Knight Riders,field,normal,0,Mumbai Indians,5,0,HH Pandya,Wankhede Stadium,RK Illingworth,VA Kulkarni,
568,2015,Hyderabad,2015-05-15,Sunrisers Hyderabad,Royal Challengers Bangalore,Sunrisers Hyderabad,bat,normal,1,Royal Challengers Bangalore,0,6,V Kohli,"Rajiv Gandhi International Stadium, Uppal",AK Chaudhary,HDPK Dharmasena,
569,2015,Chandigarh,2015-05-16,Kings XI Punjab,Chennai Super Kings,Kings XI Punjab,bat,normal,0,Chennai Super Kings,0,7,P Negi,"Punjab Cricket Association Stadium, Mohali",CK Nandan,C Shamshuddin,
570,2015,Mumbai,2015-05-16,Rajasthan Royals,Kolkata Knight Riders,Rajasthan Royals,bat,normal,0,Rajasthan Royals,9,0,SR Watson,Brabourne Stadium,RM Deshpande,RK Illingworth,
571,2015,Bangalore,2015-05-17,Delhi Daredevils,Royal Challengers Bangalore,Royal Challengers Bangalore,field,no result,0,,0,0,,M Chinnaswamy Stadium,HDPK Dharmasena,K Srinivasan,
572,2015,Hyderabad,2015-05-17,Sunrisers Hyderabad,Mumbai Indians,Sunrisers Hyderabad,bat,normal,0,Mumbai Indians,0,9,MJ McClenaghan,"Rajiv Gandhi International Stadium, Uppal",CB Gaffaney,K Srinath,
573,2015,Mumbai,2015-05-19,Mumbai Indians,Chennai Super Kings,Mumbai Indians,bat,normal,0,Mumbai Indians,25,0,KA Pollard,Wankhede Stadium,HDPK Dharmasena,RK Illingworth,
574,2015,Pune,2015-05-20,Royal Challengers Bangalore,Rajasthan Royals,Royal Challengers Bangalore,bat,normal,0,Royal Challengers Bangalore,71,0,AB de Villiers,Maharashtra Cricket Association Stadium,AK Chaudhary,C Shamshuddin,
575,2015,Ranchi,2015-05-22,Royal Challengers Bangalore,Chennai Super Kings,Chennai Super Kings,field,normal,0,Chennai Super Kings,0,3,A Nehra,JSCA International Stadium Complex,AK Chaudhary,CB Gaffaney,
576,2015,Kolkata,2015-05-24,Mumbai Indians,Chennai Super Kings,Chennai Super Kings,field,normal,0,Mumbai Indians,41,0,RG Sharma,Eden Gardens,HDPK Dharmasena,RK Illingworth,
577,2016,Mumbai,2016-04-09,Mumbai Indians,Rising Pune Supergiants,Mumbai Indians,bat,normal,0,Rising Pune Supergiants,0,9,AM Rahane,Wankhede Stadium,HDPK Dharmasena,CK Nandan,
578,2016,Kolkata,2016-04-10,Delhi Daredevils,Kolkata Knight Riders,Kolkata Knight Riders,field,normal,0,Kolkata Knight Riders,0,9,AD Russell,Eden Gardens,S Ravi,C Shamshuddin,
579,2016,Chandigarh,2016-04-11,Kings XI Punjab,Gujarat Lions,Gujarat Lions,field,normal,0,Gujarat Lions,0,5,AJ Finch,"Punjab Cricket Association IS Bindra Stadium, Mohali",AK Chaudhary,VA Kulkarni,
580,2016,Bangalore,2016-04-12,Royal Challengers Bangalore,Sunrisers Hyderabad,Sunrisers Hyderabad,field,normal,0,Royal Challengers Bangalore,45,0,AB de Villiers,M Chinnaswamy Stadium,HDPK Dharmasena,VK Sharma,
581,2016,Kolkata,2016-04-13,Kolkata Knight Riders,Mumbai Indians,Mumbai Indians,field,normal,0,Mumbai Indians,0,6,RG Sharma,Eden Gardens,Nitin Menon,S Ravi,
582,2016,Rajkot,2016-04-14,Rising Pune Supergiants,Gujarat Lions,Rising Pune Supergiants,bat,normal,0,Gujarat Lions,0,7,AJ Finch,Saurashtra Cricket Association Stadium,VA Kulkarni,CK Nandan,
583,2016,Delhi,2016-04-15,Kings XI Punjab,Delhi Daredevils,Delhi Daredevils,field,normal,0,Delhi Daredevils,0,8,A Mishra,Feroz Shah Kotla,S Ravi,C Shamshuddin,
584,2016,Hyderabad,2016-04-16,Sunrisers Hyderabad,Kolkata Knight Riders,Sunrisers Hyderabad,bat,normal,0,Kolkata Knight Riders,0,8,G Gambhir,"Rajiv Gandhi International Stadium, Uppal",AK Chaudhary,CK Nandan,
585,2016,Mumbai,2016-04-16,Mumbai Indians,Gujarat Lions,Gujarat Lions,field,normal,0,Gujarat Lions,0,3,AJ Finch,Wankhede Stadium,HDPK Dharmasena,VK Sharma,
586,2016,Chandigarh,2016-04-17,Rising Pune Supergiants,Kings XI Punjab,Rising Pune Supergiants,bat,normal,0,Kings XI Punjab,0,6,M Vohra,"Punjab Cricket Association IS Bindra Stadium, Mohali",S Ravi,C Shamshuddin,
587,2016,Bangalore,2016-04-17,Royal Challengers Bangalore,Delhi Daredevils,Delhi Daredevils,field,normal,0,Delhi Daredevils,0,7,Q de Kock,M Chinnaswamy Stadium,VA Kulkarni,A Nand Kishore,
588,2016,Hyderabad,2016-04-18,Mumbai Indians,Sunrisers Hyderabad,Sunrisers Hyderabad,field,normal,0,Sunrisers Hyderabad,0,7,DA Warner,"Rajiv Gandhi International Stadium, Uppal",HDPK Dharmasena,VK Sharma,
589,2016,Chandigarh,2016-04-19,Kings XI Punjab,Kolkata Knight Riders,Kolkata Knight Riders,field,normal,0,Kolkata Knight Riders,0,6,RV Uthappa,"Punjab Cricket Association IS Bindra Stadium, Mohali",S Ravi,C Shamshuddin,
590,2016,Mumbai,2016-04-20,Royal Challengers Bangalore,Mumbai Indians,Mumbai Indians,field,normal,0,Mumbai Indians,0,6,RG Sharma,Wankhede Stadium,AK Chaudhary,CK Nandan,
591,2016,Rajkot,2016-04-21,Gujarat Lions,Sunrisers Hyderabad,Sunrisers Hyderabad,field,normal,0,Sunrisers Hyderabad,0,10,B Kumar,Saurashtra Cricket Association Stadium,K Bharatan,HDPK Dharmasena,
592,2016,Pune,2016-04-22,Royal Challengers Bangalore,Rising Pune Supergiants,Rising Pune Supergiants,field,normal,0,Royal Challengers Bangalore,13,0,AB de Villiers,Maharashtra Cricket Association Stadium,CB Gaffaney,VK Sharma,
593,2016,Delhi,2016-04-23,Delhi Daredevils,Mumbai Indians,Mumbai Indians,field,normal,0,Delhi Daredevils,10,0,SV Samson,Feroz Shah Kotla,S Ravi,C Shamshuddin,
594,2016,Hyderabad,2016-04-23,Kings XI Punjab,Sunrisers Hyderabad,Sunrisers Hyderabad,field,normal,0,Sunrisers Hyderabad,0,5,Mustafizur Rahman,"Rajiv Gandhi International Stadium, Uppal",AK Chaudhary,CK Nandan,
595,2016,Rajkot,2016-04-24,Royal Challengers Bangalore,Gujarat Lions,Royal Challengers Bangalore,bat,normal,0,Gujarat Lions,0,6,V Kohli,Saurashtra Cricket Association Stadium,K Bharatan,BNJ Oxenford,
596,2016,Pune,2016-04-24,Rising Pune Supergiants,Kolkata Knight Riders,Kolkata Knight Riders,field,normal,0,Kolkata Knight Riders,0,2,SA Yadav,Maharashtra Cricket Association Stadium,CB Gaffaney,A Nand Kishore,
597,2016,Chandigarh,2016-04-25,Mumbai Indians,Kings XI Punjab,Kings XI Punjab,field,normal,0,Mumbai Indians,25,0,PA Patel,"Punjab Cricket Association IS Bindra Stadium, Mohali",Nitin Menon,RJ Tucker,
598,2016,Hyderabad,2016-04-26,Sunrisers Hyderabad,Rising Pune Supergiants,Rising Pune Supergiants,field,normal,1,Rising Pune Supergiants,34,0,AB Dinda,"Rajiv Gandhi International Stadium, Uppal",AY Dandekar,CK Nandan,
599,2016,Delhi,2016-04-27,Gujarat Lions,Delhi Daredevils,Delhi Daredevils,field,normal,0,Gujarat Lions,1,0,CH Morris,Feroz Shah Kotla,M Erasmus,S Ravi,
600,2016,Mumbai,2016-04-28,Kolkata Knight Riders,Mumbai Indians,Mumbai Indians,field,normal,0,Mumbai Indians,0,6,RG Sharma,Wankhede Stadium,Nitin Menon,RJ Tucker,
601,2016,Pune,2016-04-29,Rising Pune Supergiants,Gujarat Lions,Gujarat Lions,field,normal,0,Gujarat Lions,0,3,DR Smith,Maharashtra Cricket Association Stadium,CB Gaffaney,BNJ Oxenford,
602,2016,Delhi,2016-04-30,Delhi Daredevils,Kolkata Knight Riders,Kolkata Knight Riders,field,normal,0,Delhi Daredevils,27,0,CR Brathwaite,Feroz Shah Kotla,KN Ananthapadmanabhan,M Erasmus,
603,2016,Hyderabad,2016-04-30,Sunrisers Hyderabad,Royal Challengers Bangalore,Royal Challengers Bangalore,field,normal,0,Sunrisers Hyderabad,15,0,DA Warner,"Rajiv Gandhi International Stadium, Uppal",AK Chaudhary,HDPK Dharmasena,
604,2016,Rajkot,2016-05-01,Kings XI Punjab,Gujarat Lions,Gujarat Lions,field,normal,0,Kings XI Punjab,23,0,AR Patel,Saurashtra Cricket Association Stadium,BNJ Oxenford,VK Sharma,
605,2016,Pune,2016-05-01,Rising Pune Supergiants,Mumbai Indians,Mumbai Indians,field,normal,0,Mumbai Indians,0,8,RG Sharma,Maharashtra Cricket Association Stadium,AY Dandekar,RJ Tucker,
606,2016,Bangalore,2016-05-02,Royal Challengers Bangalore,Kolkata Knight Riders,Kolkata Knight Riders,field,normal,0,Kolkata Knight Riders,0,5,AD Russell,M Chinnaswamy Stadium,M Erasmus,S Ravi,
607,2016,Rajkot,2016-05-03,Gujarat Lions,Delhi Daredevils,Delhi Daredevils,field,normal,0,Delhi Daredevils,0,8,RR Pant,Saurashtra Cricket Association Stadium,CB Gaffaney,BNJ Oxenford,
608,2016,Kolkata,2016-05-04,Kolkata Knight Riders,Kings XI Punjab,Kings XI Punjab,field,normal,0,Kolkata Knight Riders,7,0,AD Russell,Eden Gardens,AK Chaudhary,HDPK Dharmasena,
609,2016,Delhi,2016-05-05,Delhi Daredevils,Rising Pune Supergiants,Rising Pune Supergiants,field,normal,0,Rising Pune Supergiants,0,7,AM Rahane,Feroz Shah Kotla,C Shamshuddin,RJ Tucker,
610,2016,Hyderabad,2016-05-06,Gujarat Lions,Sunrisers Hyderabad,Sunrisers Hyderabad,field,normal,0,Sunrisers Hyderabad,0,5,B Kumar,"Rajiv Gandhi International Stadium, Uppal",M Erasmus,S Ravi,
611,2016,Bangalore,2016-05-07,Rising Pune Supergiants,Royal Challengers Bangalore,Royal Challengers Bangalore,field,normal,0,Royal Challengers Bangalore,0,7,V Kohli,M Chinnaswamy Stadium,CB Gaffaney,BNJ Oxenford,
612,2016,Chandigarh,2016-05-07,Kings XI Punjab,Delhi Daredevils,Delhi Daredevils,field,normal,0,Kings XI Punjab,9,0,MP Stoinis,"Punjab Cricket Association IS Bindra Stadium, Mohali",HDPK Dharmasena,CK Nandan,
613,2016,Visakhapatnam,2016-05-08,Sunrisers Hyderabad,Mumbai Indians,Mumbai Indians,field,normal,0,Sunrisers Hyderabad,85,0,A Nehra,Dr. Y.S. Rajasekhara Reddy ACA-VDCA Cricket Stadium,S Ravi,C Shamshuddin,
614,2016,Kolkata,2016-05-08,Kolkata Knight Riders,Gujarat Lions,Gujarat Lions,field,normal,0,Gujarat Lions,0,5,P Kumar,Eden Gardens,M Erasmus,RJ Tucker,
615,2016,Chandigarh,2016-05-09,Royal Challengers Bangalore,Kings XI Punjab,Kings XI Punjab,field,normal,0,Royal Challengers Bangalore,1,0,SR Watson,"Punjab Cricket Association IS Bindra Stadium, Mohali",AK Chaudhary,HDPK Dharmasena,
616,2016,Visakhapatnam,2016-05-10,Sunrisers Hyderabad,Rising Pune Supergiants,Sunrisers Hyderabad,bat,normal,0,Sunrisers Hyderabad,4,0,A Zampa,Dr. Y.S. Rajasekhara Reddy ACA-VDCA Cricket Stadium,CB Gaffaney,VK Sharma,
617,2016,Bangalore,2016-05-11,Royal Challengers Bangalore,Mumbai Indians,Mumbai Indians,field,normal,0,Mumbai Indians,0,6,KH Pandya,M Chinnaswamy Stadium,AY Dandekar,C Shamshuddin,
618,2016,Hyderabad,2016-05-12,Sunrisers Hyderabad,Delhi Daredevils,Delhi Daredevils,field,normal,0,Delhi Daredevils,0,7,CH Morris,"Rajiv Gandhi International Stadium, Uppal",K Bharatan,M Erasmus,
619,2016,Visakhapatnam,2016-05-13,Mumbai Indians,Kings XI Punjab,Mumbai Indians,bat,normal,0,Kings XI Punjab,0,7,MP Stoinis,Dr. Y.S. Rajasekhara Reddy ACA-VDCA Cricket Stadium,HDPK Dharmasena,CK Nandan,
620,2016,Bangalore,2016-05-14,Royal Challengers Bangalore,Gujarat Lions,Gujarat Lions,field,normal,0,Royal Challengers Bangalore,144,0,AB de Villiers,M Chinnaswamy Stadium,AY Dandekar,VK Sharma,
621,2016,Kolkata,2016-05-14,Rising Pune Supergiants,Kolkata Knight Riders,Rising Pune Supergiants,bat,normal,1,Kolkata Knight Riders,0,8,YK Pathan,Eden Gardens,A Nand Kishore,BNJ Oxenford,
622,2016,Chandigarh,2016-05-15,Kings XI Punjab,Sunrisers Hyderabad,Kings XI Punjab,bat,normal,0,Sunrisers Hyderabad,0,7,HM Amla,"Punjab Cricket Association IS Bindra Stadium, Mohali",KN Ananthapadmanabhan,M Erasmus,
623,2016,Visakhapatnam,2016-05-15,Mumbai Indians,Delhi Daredevils,Delhi Daredevils,field,normal,0,Mumbai Indians,80,0,KH Pandya,Dr. Y.S. Rajasekhara Reddy ACA-VDCA Cricket Stadium,Nitin Menon,CK Nandan,
624,2016,Kolkata,2016-05-16,Kolkata Knight Riders,Royal Challengers Bangalore,Royal Challengers Bangalore,field,normal,0,Royal Challengers Bangalore,0,9,V Kohli,Eden Gardens,CB Gaffaney,A Nand Kishore,
625,2016,Visakhapatnam,2016-05-17,Delhi Daredevils,Rising Pune Supergiants,Rising Pune Supergiants,field,normal,1,Rising Pune Supergiants,19,0,AB Dinda,Dr. Y.S. Rajasekhara Reddy ACA-VDCA Cricket Stadium,Nitin Menon,C Shamshuddin,
626,2016,Bangalore,2016-05-18,Royal Challengers Bangalore,Kings XI Punjab,Kings XI Punjab,field,normal,1,Royal Challengers Bangalore,82,0,V Kohli,M Chinnaswamy Stadium,KN Ananthapadmanabhan,M Erasmus,
627,2016,Kanpur,2016-05-19,Kolkata Knight Riders,Gujarat Lions,Gujarat Lions,field,normal,0,Gujarat Lions,0,6,DR Smith,Green Park,AK Chaudhary,CK Nandan,
628,2016,Raipur,2016-05-20,Sunrisers Hyderabad,Delhi Daredevils,Delhi Daredevils,field,normal,0,Delhi Daredevils,0,6,KK Nair,Shaheed Veer Narayan Singh International Stadium,A Nand Kishore,BNJ Oxenford,
629,2016,Visakhapatnam,2016-05-21,Kings XI Punjab,Rising Pune Supergiants,Kings XI Punjab,bat,normal,0,Rising Pune Supergiants,0,4,MS Dhoni,Dr. Y.S. Rajasekhara Reddy ACA-VDCA Cricket Stadium,HDPK Dharmasena,Nitin Menon,
630,2016,Kanpur,2016-05-21,Mumbai Indians,Gujarat Lions,Gujarat Lions,field,normal,0,Gujarat Lions,0,6,SK Raina,Green Park,AK Chaudhary,CK Nandan,
631,2016,Kolkata,2016-05-22,Kolkata Knight Riders,Sunrisers Hyderabad,Sunrisers Hyderabad,field,normal,0,Kolkata Knight Riders,22,0,YK Pathan,Eden Gardens,KN Ananthapadmanabhan,M Erasmus,
632,2016,Raipur,2016-05-22,Delhi Daredevils,Royal Challengers Bangalore,Royal Challengers Bangalore,field,normal,0,Royal Challengers Bangalore,0,6,V Kohli,Shaheed Veer Narayan Singh International Stadium,A Nand Kishore,BNJ Oxenford,
633,2016,Bangalore,2016-05-24,Gujarat Lions,Royal Challengers Bangalore,Royal Challengers Bangalore,field,normal,0,Royal Challengers Bangalore,0,4,AB de Villiers,M Chinnaswamy Stadium,AK Chaudhary,HDPK Dharmasena,
634,2016,Delhi,2016-05-25,Sunrisers Hyderabad,Kolkata Knight Riders,Kolkata Knight Riders,field,normal,0,Sunrisers Hyderabad,22,0,MC Henriques,Feroz Shah Kotla,M Erasmus,C Shamshuddin,
635,2016,Delhi,2016-05-27,Gujarat Lions,Sunrisers Hyderabad,Sunrisers Hyderabad,field,normal,0,Sunrisers Hyderabad,0,4,DA Warner,Feroz Shah Kotla,M Erasmus,CK Nandan,
636,2016,Bangalore,2016-05-29,Sunrisers Hyderabad,Royal Challengers Bangalore,Sunrisers Hyderabad,bat,normal,0,Sunrisers Hyderabad,8,0,BCJ Cutting,M Chinnaswamy Stadium,HDPK Dharmasena,BNJ Oxenford,